{"Scotland": 1851.5189860719256, "England": 2055.300191186936, "Wales": 1740.8871459538382, "Northern Ireland": 1690.6449070988317, "United States": 1905.4265655415222, "Canada": 1878.8722630521268, "Uruguay": 1907.2477566776138, "Argentina": 2136.678969212925, "Austria": 1923.6448414396182, "Hungary": 1798.297091624327, "Czechoslovakia": 1784.1528390898677, "Belgium": 1973.59128898837, "France": 2082.395911498199, "Switzerland": 1933.6837432842642, "Guernsey": 1746.06492187927, "Alderney": 1049.106670307358, "Jersey": 1795.2257118136765, "Netherlands": 2009.5396051434702, "Guyana": 1462.1409540082745, "Trinidad and Tobago": 1503.2871892283054, "South Africa": 1657.6633119799512, "Germany": 2030.170456388058, "Sweden": 1821.241609134184, "Norway": 1960.66682024018, "Denmark": 1919.8377997553114, "Italy": 1935.8900953700693, "Chile": 1805.501664721042, "Russia": 1853.4949641646626, "Finland": 1620.552756731911, "Luxembourg": 1526.9141654592452, "Catalonia": 1780.616210911412, "Philippines": 1362.8244478802987, "China": 1575.661517618697, "Brazil": 2031.8119826531542, "Basque Country": 1883.6803392592071, "Japan": 1996.6722831326242, "Paraguay": 1831.4754123670484, "Romania": 1703.2107345658308, "Greece": 1800.774775091839, "Yugoslavia": 1801.0813812857996, "Spain": 2140.9583016998977, "Egypt": 1785.2965341378056, "Estonia": 1475.7321551004795, "Suriname": 1575.7733816260875, "Provence": 1471.5040820934335, "Costa Rica": 1690.2582407489012, "El Salvador": 1480.0080400069644, "Guatemala": 1599.2884439418694, "Portugal": 2028.2482632918195, "Poland": 1806.9738729819244, "Brittany": 1517.9723382914, "New Zealand": 1692.8623342510161, "Australia": 1899.8573354115044, "Latvia": 1396.0177397329683, "Galicia": 1559.4867865508409, "Central Spain": 1488.7991559748068, "Mexico": 1954.1524722609768, "Andalusia": 1673.760635707983, "Asturias": 1524.7312563839391, "Lithuania": 1406.994386204823, "Turkey": 1907.173913243028, "Aruba": 1207.728088200588, "Cura\u00e7ao": 1564.7004327547986, "Bulgaria": 1553.0729060584524, "Republic of Ireland": 1775.7431088111105, "Haiti": 1660.3099912527534, "Jamaica": 1633.4798780735603, "Kenya": 1471.1592960716157, "Uganda": 1493.9108359808117, "Bolivia": 1669.7602313127627, "Peru": 1745.951884072271, "Honduras": 1669.5160224541694, "Belarus": 1611.30547039035, "Ukraine": 1814.5590292146514, "Barbados": 1124.1326949320216, "Nicaragua": 1488.156446357656, "Cuba": 1380.4230092553187, "Martinique": 1457.606149810829, "Dominica": 1159.673049816219, "Silesia": 1552.2553782595912, "Guadeloupe": 1516.1801206260818, "Israel": 1690.4791916042414, "Indonesia": 1546.643158507989, "French Guiana": 1421.8868533234906, "Saint Lucia": 1212.3054421274762, "Colombia": 2028.6033899033698, "Panama": 1761.4753003508558, "Venezuela": 1789.7676631811812, "Ecuador": 1941.6076018157084, "Saint Kitts and Nevis": 1279.0983675564892, "Grenada": 1287.1010113876923, "India": 1292.4024675103553, "Slovakia": 1749.0887961031535, "Manchukuo": 1399.8227948066276, "Croatia": 1949.1010427465346, "Lebanon": 1443.1650719664956, "Puerto Rico": 1350.5325689323017, "Afghanistan": 1141.5232482814092, "Iran": 1888.0987690871993, "Mongolia": 997.4255414595584, "Tanzania": 1420.6225261961624, "Zimbabwe": 1474.7614383565617, "Zambia": 1533.9737545321552, "Iceland": 1640.6151834178063, "Albania": 1680.8595737758449, "Montenegro": 1558.930875050013, "Madagascar": 1512.6489856290925, "Mauritius": 1244.4006389314677, "R\u00e9union": 1567.807012665963, "Zanzibar": 1531.3814890408973, "Djibouti": 1076.9290240673513, "Ethiopia": 1395.6696381096274, "DR Congo": 1730.204129472578, "South Korea": 1863.1718434688212, "Vietnam": 1509.3330170226188, "Macau": 860.7498491761293, "Dominican Republic": 1482.2571625497903, "Cyprus": 1433.826717917467, "Sierra Leone": 1422.4124234149824, "Nigeria": 1813.4029180564219, "Syria": 1543.8319061658767, "Serbia": 1784.4975512051158, "Taiwan": 1119.922729827835, "Ghana": 1614.9979024816564, "Myanmar": 1159.9781890591405, "New Caledonia": 1569.5724821249873, "Vanuatu": 1410.1115676691622, "Fiji": 1363.4022074867714, "Pakistan": 1111.129892063252, "Sri Lanka": 1051.5434767751387, "German DR": 1744.9179643454956, "Tahiti": 1494.4065837182748, "Gambia": 1511.4427439068634, "Hong Kong": 1334.1285970630847, "Singapore": 1328.9047638217216, "Malaysia": 1534.086981474214, "Guinea-Bissau": 1374.7574691140464, "Saarland": 1444.6647230917004, "Burundi": 1392.850837207606, "Cameroon": 1695.4199210279944, "Kernow": 1649.040576410549, "Cambodia": 1149.8908792229536, "Thailand": 1557.2317164328474, "Vietnam Republic": 1388.60543801069, "Kyrgyzstan": 1471.0736934662286, "Moldova": 1377.4418724716174, "North Vietnam": 1489.9046517994857, "Togo": 1520.0916551847008, "North Korea": 1489.3876350533733, "Sudan": 1448.3809809128495, "Malta": 1431.1849728951781, "Tunisia": 1703.6500821960747, "Libya": 1539.4506025875146, "Malawi": 1429.3883943907952, "Morocco": 1974.506045023482, "Benin": 1483.8991602062677, "Cape Verde": 1633.887735731463, "Ivory Coast": 1845.9491211966424, "Burkina Faso": 1629.5737530931003, "Gabon": 1529.8970382367918, "Congo": 1342.6989549869588, "Mali": 1696.1039779975624, "Central African Republic": 1358.28791281822, "Iraq": 1709.8030245291934, "Saint Vincent and the Grenadines": 1365.1948081201172, "Senegal": 1858.7863869759092, "Laos": 976.99745811609, "Chad": 1272.9389409916155, "Niger": 1460.5375479897964, "Mauritania": 1475.2725821055035, "Liberia": 1421.955031412068, "Guinea": 1548.4331150542644, "Algeria": 1893.082101631166, "Kuwait": 1503.3842106945867, "Jordan": 1728.0961609046046, "Papua New Guinea": 1427.2674679825336, "Solomon Islands": 1337.774851399422, "Somalia": 1045.4878780213985, "Saudi Arabia": 1690.957803039094, "Bermuda": 1368.418125550545, "Palestine": 1545.1658187261573, "Yemen": 1287.3644613500373, "Bahrain": 1538.3435047382509, "Oman": 1567.6258733618454, "Wallis Islands and Futuna": 1280.0058452242436, "Corsica": 1599.8464713780738, "Western Australia": 1398.560995121724, "Eswatini": 1326.53020059706, "Botswana": 1415.035089699833, "Qatar": 1586.8165543812613, "Lesotho": 1385.2607358360005, "Bahamas": 952.600156741063, "Brunei": 926.4579401823261, "Cook Islands": 1126.8717426411965, "Yemen DPR": 1348.3573475129153, "United Arab Emirates": 1681.387775164975, "Faroe Islands": 1477.1450504976444, "Nepal": 1137.9039534368342, "Antigua and Barbuda": 1143.2896306951993, "Bangladesh": 1170.733401443957, "Seychelles": 1020.107556615117, "Equatorial Guinea": 1436.6957965884765, "Mozambique": 1464.37763952734, "Guam": 990.0667827577076, "Angola": 1590.4995861998189, "S\u00e3o Tom\u00e9 and Pr\u00edncipe": 1168.8072220158947, "Rwanda": 1490.7009713936766, "Northern Cyprus": 1697.4312654988812, "Armenia": 1462.6321414161898, "Georgia": 1743.0216477037468, "Azerbaijan": 1432.690243737712, "Kazakhstan": 1513.2958893576736, "Comoros": 1492.9562557903237, "Maldives": 1028.707623068741, "Tonga": 1070.0181236767592, "Tuvalu": 1182.9419565867215, "Kiribati": 1193.9945711177097, "Samoa": 1218.120501511215, "Greenland": 1427.032962774775, "Liechtenstein": 1050.6124722458896, "Bhutan": 854.6802879835399, "South Yemen": 1468.6392951625523, "Niue": 1416.4163864205825, "American Samoa": 881.5616558743321, "Belize": 1300.9589959476516, "Cayman Islands": 1051.35941580284, "Anguilla": 901.5507282267706, "British Virgin Islands": 1048.7479552292816, "Palau": 1382.2083791659145, "Sint Maarten": 1250.1361426739222, "Namibia": 1399.3201478358012, "Ynys M\u00f4n": 1643.992897819177, "Shetland": 1513.9174929066114, "\u00c5land Islands": 1467.5691793193835, "Saint Martin": 1255.6157722262772, "San Marino": 979.2958362295344, "Montserrat": 1211.1496558051024, "Slovenia": 1754.894177656505, "Isle of Wight": 1669.9509196182914, "Turkmenistan": 1401.9560338660967, "Tajikistan": 1436.9201853857314, "Uzbekistan": 1799.4184332846983, "Eritrea": 1206.3327549829332, "Gibraltar": 1235.1948660128414, "Isle of Man": 1712.7835380209258, "North Macedonia": 1630.369319451615,